series_id,market,gender,category,trend_label,n_train,rmse,r2
us_female_bags_26,us,female,bags,declining,209,0.11862284979129764,0.49965221906360213
cn_male_tops_32,cn,male,tops,declining,209,0.1049186359341484,0.8476160311089705
cn_male_accessories_24,cn,male,accessories,declining,209,0.13122712320218793,0.0
cn_male_tops_98,cn,male,tops,declining,209,0.22946818250412412,-0.3317280388096795
uk_male_denim_76,uk,male,denim,declining,209,0.20226294870226555,0.1695473745319508
br_female_shoes_89,br,female,shoes,declining,209,0.018746025699500835,0.0
cn_female_bags_67,cn,female,bags,declining,209,0.2763515345281638,0.0
cn_female_sportswear_28,cn,female,sportswear,declining,209,0.09926144571127263,0.8755494872047707
uk_female_accessories_38,uk,female,accessories,declining,209,0.37960578314534626,-1588.8005948690536
uk_male_outerwear_84,uk,male,outerwear,declining,209,0.07668483477949847,0.28081867946190264
cn_female_tops_20,cn,female,tops,declining,209,0.24504703826842714,-137.65835970455578
br_female_bottoms_88,br,female,bottoms,declining,209,0.000740648681691946,0.0
cn_male_knitwear_14,cn,male,knitwear,declining,209,0.11952803281163907,-2.2655301849575644
fr_female_bottoms_78,fr,female,bottoms,declining,209,0.2226857358278755,-672.7459434524055
uk_female_shoes_93,uk,female,shoes,declining,209,0.15455081894524336,-0.5366881844046898
br_male_denim_44,br,male,denim,declining,209,0.1345532729372765,-15.241201311902582
us_male_denim_6,us,male,denim,declining,209,0.11068902225199326,0.7704534535822772
br_male_knitwear_36,br,male,knitwear,declining,209,0.17087239943075613,0.4932806883823163
fr_female_outerwear_15,fr,female,outerwear,declining,209,0.03562234200681399,0.0
us_female_tops_27,us,female,tops,declining,209,0.1470445013331209,0.23156835100507767
us_female_bags_78,us,female,bags,declining,209,0.10059324583083537,-0.3780654938147494
fr_female_tops_71,fr,female,tops,declining,209,0.14607672597544993,0.0
uk_female_knitwear_54,uk,female,knitwear,declining,209,0.004343928440909693,0.0
fr_female_bottoms_12,fr,female,bottoms,declining,209,0.18326272757012993,-20.156538947390228
uk_female_bags_87,uk,female,bags,declining,209,0.038123709412068,0.0
uk_female_sportswear_77,uk,female,sportswear,declining,209,0.17989355033221352,0.39431962673380516
fr_female_dresses_85,fr,female,dresses,declining,209,0.2589056695352458,-5.544928092338637
fr_male_knitwear_46,fr,male,knitwear,declining,209,0.3785501807843762,-2.0243325874757696
us_female_bottoms_31,us,female,bottoms,declining,209,0.17216861545921613,0.0
cn_female_bags_10,cn,female,bags,declining,209,0.2562565317613531,0.0
uk_male_tops_81,uk,male,tops,declining,209,0.11050370122967698,-2.1139393032501896
fr_male_dresses_31,fr,male,dresses,declining,209,0.09315096208834527,0.0
us_female_knitwear_35,us,female,knitwear,declining,209,0.27330879784078466,-1.2395561202918501
fr_female_dresses_72,fr,female,dresses,declining,209,0.06035706666868062,-40.35982542013804
br_female_sportswear_25,br,female,sportswear,declining,209,0.11035007862844802,-109.27873910803159
fr_male_accessories_15,fr,male,accessories,declining,209,0.2808973005824486,-51.79731090579158
fr_male_tops_13,fr,male,tops,declining,209,0.11731594279170125,0.0
cn_female_dresses_18,cn,female,dresses,declining,209,0.10450352419896514,0.0
fr_female_shoes_84,fr,female,shoes,declining,209,0.3980787381452251,-3486.522291491544
us_female_bags_28,us,female,bags,declining,209,0.456823472303222,-16.37180878218395
cn_female_sportswear_0,cn,female,sportswear,declining,209,0.28617163864322104,0.0
uk_male_shoes_57,uk,male,shoes,declining,209,0.1553068573298372,0.19337738225848122
uk_male_sportswear_36,uk,male,sportswear,declining,209,0.6000210853212928,-7.273328525518938
br_female_knitwear_72,br,female,knitwear,declining,209,0.08430779938798408,0.0
cn_male_tops_97,cn,male,tops,declining,209,0.10742670103102718,0.7241939392681933
cn_female_denim_2,cn,female,denim,declining,209,0.23823801278747592,-13.781901200725345
us_male_bags_28,us,male,bags,declining,209,0.07057536519007628,-0.43648393747201464
us_female_bags_57,us,female,bags,declining,209,0.12720825550543724,0.3786770566168989
us_male_denim_41,us,male,denim,declining,209,0.032019728145865935,0.0
cn_female_shoes_24,cn,female,shoes,declining,209,0.08505130384354964,0.0
fr_female_bottoms_9,fr,female,bottoms,declining,209,0.21482154675795073,-0.7759852659329496
fr_male_outerwear_31,fr,male,outerwear,declining,209,0.2208875553476454,-3.63770414235354
cn_female_shoes_4,cn,female,shoes,declining,209,0.13309010037946753,0.0
fr_male_dresses_98,fr,male,dresses,declining,209,0.11103010486289037,0.5527789085762027
fr_female_accessories_66,fr,female,accessories,declining,209,0.002491121582285205,0.0
uk_female_bags_15,uk,female,bags,declining,209,0.15827725036410203,-1.5852982183788504
br_female_knitwear_47,br,female,knitwear,declining,209,0.26511796376802127,-4347.715514707762
cn_male_bags_77,cn,male,bags,declining,209,0.10142990156616102,0.49483451333109585
fr_male_bottoms_33,fr,male,bottoms,declining,209,0.13753316076304126,0.0
br_male_bottoms_39,br,male,bottoms,declining,209,0.1327354210827162,0.5600316973021289
fr_male_accessories_19,fr,male,accessories,declining,209,0.22454473404709197,0.0
br_male_denim_51,br,male,denim,declining,209,0.15039604225683645,0.5974447193948718
br_male_tops_27,br,male,tops,declining,209,0.08633933156740911,0.834478842373338
uk_male_sportswear_42,uk,male,sportswear,declining,209,0.10990853701666184,0.8350956128241129
cn_female_outerwear_59,cn,female,outerwear,declining,209,0.17433757421823584,-4.283769127766704
br_female_shoes_24,br,female,shoes,declining,209,0.11295425531901179,0.6505504820371639
us_male_accessories_95,us,male,accessories,declining,209,0.09510195781985298,0.8873281225643033
fr_female_bottoms_92,fr,female,bottoms,declining,209,0.28702337920988374,0.0
br_male_knitwear_60,br,male,knitwear,declining,209,0.12789642434158136,0.5705162712323953
fr_female_knitwear_31,fr,female,knitwear,declining,209,0.1360733930018321,-19.377955851134796
uk_female_outerwear_61,uk,female,outerwear,declining,209,0.05425764846420787,0.5487139989849628
cn_male_knitwear_12,cn,male,knitwear,declining,209,0.08692827744357483,0.5792023006130476
cn_male_denim_91,cn,male,denim,declining,209,0.08876250245146725,0.7979633338214588
uk_male_bottoms_26,uk,male,bottoms,declining,209,0.11202671115518725,-0.5366648106456975
br_female_outerwear_29,br,female,outerwear,declining,209,0.046899091349057634,0.0
cn_male_shoes_19,cn,male,shoes,declining,209,0.014664054988609412,0.0
us_male_sportswear_23,us,male,sportswear,declining,209,0.16073121793794157,0.6052612811441843
uk_female_tops_59,uk,female,tops,declining,209,0.14263120368261906,0.5063895308102915
us_male_tops_40,us,male,tops,declining,209,0.15549885471865235,0.09270541521851217
cn_male_dresses_65,cn,male,dresses,declining,209,0.05502794873973317,0.8761880048015818
cn_male_shoes_92,cn,male,shoes,declining,209,0.19811912979130972,-3.4591538647099442
us_female_bags_23,us,female,bags,declining,209,0.24112332527741276,-0.021764826050423514
uk_female_outerwear_33,uk,female,outerwear,declining,209,0.2314518561508384,-5.454421498278402
uk_male_knitwear_49,uk,male,knitwear,declining,209,0.15422756517147918,0.0
fr_female_bags_27,fr,female,bags,declining,209,0.02364694985259975,0.0
cn_male_knitwear_55,cn,male,knitwear,declining,209,0.17876982464239188,-0.5093640802295456
us_female_bottoms_56,us,female,bottoms,declining,209,0.1490944764164573,-1.9320789766869915
us_female_bags_59,us,female,bags,declining,209,0.09806483007808461,-1.9577940707984332
uk_female_outerwear_86,uk,female,outerwear,declining,209,0.11395646135455541,-1.2880364520454384
br_female_denim_23,br,female,denim,declining,209,0.11399578300775559,0.44954279886023063
us_female_shoes_85,us,female,shoes,declining,209,0.10164449771882261,0.512004265362682
br_male_sportswear_87,br,male,sportswear,declining,209,0.12087797838637261,0.0
br_female_sportswear_67,br,female,sportswear,declining,209,0.4391337842227624,0.0
uk_male_bottoms_99,uk,male,bottoms,declining,209,0.06077160106641808,0.0
us_male_tops_23,us,male,tops,declining,209,0.12268244969381992,-34.243737337099965
fr_female_bags_96,fr,female,bags,declining,209,0.1253077710280505,0.0
uk_male_denim_38,uk,male,denim,declining,209,0.10676852951435084,0.8307433315376254
fr_male_dresses_41,fr,male,dresses,declining,209,0.07119084803975675,0.0870885866868818
br_male_sportswear_24,br,male,sportswear,declining,209,0.12019692062165632,0.0
fr_male_dresses_82,fr,male,dresses,declining,209,0.10765621731517717,-925.4064933949184
cn_male_bags_83,cn,male,bags,declining,209,0.24731752229595502,-0.990322769104689
uk_male_denim_96,uk,male,denim,declining,209,0.0728018414954875,0.7441214711139734
br_male_accessories_94,br,male,accessories,declining,209,0.1307419993224501,0.0
uk_female_knitwear_83,uk,female,knitwear,declining,209,0.07827317628104881,0.0
us_female_accessories_4,us,female,accessories,declining,209,0.02832818878768345,0.0
br_male_dresses_56,br,male,dresses,declining,209,0.16636149391622312,0.0
uk_male_bottoms_43,uk,male,bottoms,declining,209,0.08847386342152644,-7.773888413011383
cn_male_accessories_5,cn,male,accessories,declining,209,0.21527003945776516,0.0
fr_male_knitwear_37,fr,male,knitwear,declining,209,0.25548181247975404,-14.64711443232996
uk_female_knitwear_5,uk,female,knitwear,declining,209,0.07810155439633337,0.0
br_male_shoes_29,br,male,shoes,declining,209,0.09835064076520847,0.03167507266251757
fr_male_dresses_60,fr,male,dresses,declining,209,0.06195761135798622,0.7609304237811246
fr_male_knitwear_50,fr,male,knitwear,declining,209,0.00632268483548375,0.0
fr_female_accessories_30,fr,female,accessories,declining,209,0.15232523606789025,0.4769700436485127
br_female_accessories_80,br,female,accessories,declining,209,0.14901121565077907,0.6225226537690989
uk_female_outerwear_32,uk,female,outerwear,declining,209,0.0067559560470027424,0.0
us_male_bottoms_9,us,male,bottoms,declining,209,0.1132366525146796,0.0
br_female_sportswear_7,br,female,sportswear,declining,209,0.055793960328846266,0.5924318904237255
br_female_shoes_62,br,female,shoes,declining,209,0.016722007557930383,0.0
uk_female_dresses_59,uk,female,dresses,declining,209,0.12855157062217482,0.7712429060661862
fr_female_sportswear_0,fr,female,sportswear,declining,209,0.0747210335048055,0.8097733195863768
cn_female_denim_45,cn,female,denim,declining,209,0.20705240770398414,-282.4226482368079
uk_male_knitwear_38,uk,male,knitwear,declining,209,0.07282233326768113,-331.56604469334354
br_female_sportswear_56,br,female,sportswear,declining,209,0.27546968667578237,-15.384846647067924
uk_male_knitwear_83,uk,male,knitwear,declining,209,0.04824240438499667,0.9756838383930022
fr_male_denim_13,fr,male,denim,declining,209,0.002955200900562846,0.0
fr_female_outerwear_36,fr,female,outerwear,declining,209,0.3528581113492802,-29.85038347675491
uk_female_shoes_29,uk,female,shoes,declining,209,0.24179168963611977,-12.638253987800402
us_female_dresses_90,us,female,dresses,declining,209,0.17526117665861055,-15.60113614100456
uk_female_outerwear_54,uk,female,outerwear,declining,209,0.13605108304764832,0.4363949719980664
uk_male_tops_1,uk,male,tops,declining,209,0.07946592707432952,0.0
cn_male_bags_4,cn,male,bags,declining,209,0.1764334145374221,0.25108308337413343
fr_female_denim_13,fr,female,denim,declining,209,0.08765055716026253,-31.71379318051177
uk_male_knitwear_51,uk,male,knitwear,declining,209,0.09024001771173992,0.6862315219601887
uk_female_bottoms_3,uk,female,bottoms,declining,209,0.14945839702944877,-40.68772928328939
fr_female_bottoms_57,fr,female,bottoms,declining,209,0.14688471780105414,0.5585738871666841
fr_female_sportswear_93,fr,female,sportswear,declining,209,0.06913941131244962,0.0
us_female_outerwear_45,us,female,outerwear,declining,209,0.33706673231004586,-45.01474257352108
uk_male_accessories_5,uk,male,accessories,declining,209,0.13019897556175727,-0.7782154187554637
us_male_sportswear_96,us,male,sportswear,declining,209,0.10557778985948021,0.6239299143565353
br_male_sportswear_55,br,male,sportswear,declining,209,0.13798232499893384,-2.5072483126699616
br_female_tops_38,br,female,tops,declining,209,0.1464927228887205,0.4018813359092961
fr_female_bags_95,fr,female,bags,declining,209,0.2796725113030574,-4.742819802494834
uk_female_bags_90,uk,female,bags,declining,209,0.0786704659303202,0.0
cn_male_denim_79,cn,male,denim,declining,209,0.07713865218120265,0.0
us_female_knitwear_70,us,female,knitwear,declining,209,0.07226171089518961,0.26953653254739873
fr_male_bottoms_79,fr,male,bottoms,declining,209,0.07890915820818725,0.10313490880805076
uk_male_knitwear_29,uk,male,knitwear,declining,209,0.1226032573442138,-0.26865556316200534
us_female_shoes_89,us,female,shoes,declining,209,0.23736210764646345,-9.025182567561156
uk_female_shoes_26,uk,female,shoes,declining,209,0.17736822016552575,-23.041770516253873
uk_male_shoes_55,uk,male,shoes,declining,209,0.10655354528926393,0.39576840256169465
fr_female_knitwear_97,fr,female,knitwear,declining,209,0.11447730824797876,0.0
us_female_sportswear_78,us,female,sportswear,declining,209,0.15691923308123792,-0.16814210569031185
us_male_sportswear_6,us,male,sportswear,declining,209,0.26551777193104564,0.0
cn_female_bags_87,cn,female,bags,declining,209,0.12363400501144903,0.5232835289520241
us_male_shoes_56,us,male,shoes,declining,209,0.09385964465566764,0.0
uk_female_bags_34,uk,female,bags,declining,209,0.07410150936103824,0.0
us_male_sportswear_51,us,male,sportswear,declining,209,0.008782167027069127,0.0
br_male_bottoms_40,br,male,bottoms,declining,209,0.12071622655779882,0.23903280643678948
uk_male_outerwear_99,uk,male,outerwear,declining,209,0.10708553644520721,-0.516467027436446
br_female_denim_38,br,female,denim,declining,209,0.12324690904148314,0.0
us_female_dresses_50,us,female,dresses,declining,209,0.08551952263455584,0.3281540233341592
uk_female_sportswear_97,uk,female,sportswear,declining,209,0.2774832122640663,-5.780735852657657
br_male_bottoms_10,br,male,bottoms,declining,209,0.10539483222536314,0.0
fr_female_bags_33,fr,female,bags,declining,209,0.07358234648915239,-0.5002177798840928
br_female_denim_90,br,female,denim,declining,209,0.1907924000905586,0.0
uk_male_tops_3,uk,male,tops,declining,209,0.08985096690315578,0.43566788982234794
us_male_bottoms_76,us,male,bottoms,flat,209,0.008661230858973218,0.0
br_male_outerwear_28,br,male,outerwear,flat,209,0.009278441191817494,0.0
cn_female_dresses_14,cn,female,dresses,flat,209,0.03854732618991658,0.0
br_male_shoes_86,br,male,shoes,flat,209,0.06694969525344723,-0.6329432764827685
us_female_bottoms_54,us,female,bottoms,flat,209,0.07793382349582499,0.0
us_male_bottoms_62,us,male,bottoms,flat,209,0.3653299362418037,0.0
fr_female_bags_57,fr,female,bags,flat,209,0.07247026508654439,0.901132784613845
us_male_dresses_52,us,male,dresses,flat,209,0.020658786022640697,0.695332875569414
br_male_bags_83,br,male,bags,flat,209,0.13468613843117117,0.0
us_male_bottoms_56,us,male,bottoms,flat,209,0.09279736883566475,0.9077694117387562
fr_female_dresses_38,fr,female,dresses,flat,209,0.0002804868179900219,0.0
fr_female_outerwear_52,fr,female,outerwear,flat,209,0.17477209236410676,0.010223555223517033
uk_male_tops_54,uk,male,tops,flat,209,0.42157085000206307,0.0
cn_male_outerwear_85,cn,male,outerwear,flat,209,0.002113557758269411,0.0
us_female_sportswear_20,us,female,sportswear,flat,209,0.007925775598249656,0.0
uk_male_sportswear_50,uk,male,sportswear,flat,209,0.05868294294932601,0.9723566072431961
cn_female_accessories_0,cn,female,accessories,flat,209,0.0,1.0
fr_male_bags_80,fr,male,bags,flat,209,0.19341569194874775,0.0
us_female_bottoms_53,us,female,bottoms,flat,209,0.030056590974449553,0.7656052105967207
fr_female_knitwear_8,fr,female,knitwear,flat,209,0.046938361030567734,0.0
cn_female_bags_17,cn,female,bags,flat,209,0.09488544895450865,0.9154054531233888
fr_female_dresses_50,fr,female,dresses,flat,209,0.06027341860308435,0.8312215839586699
br_male_denim_13,br,male,denim,flat,209,0.09410143890713878,0.0
br_female_bags_71,br,female,bags,flat,209,0.06771302517200392,0.9530219898857536
br_female_tops_83,br,female,tops,flat,209,0.04215056792837756,0.0
cn_female_sportswear_12,cn,female,sportswear,flat,209,0.11117354832440111,0.0
us_male_shoes_52,us,male,shoes,flat,209,0.006289812592597169,0.0
uk_male_outerwear_42,uk,male,outerwear,flat,209,0.07098376481037078,0.8286298495206628
br_male_shoes_24,br,male,shoes,flat,209,0.057678987473383674,0.0
uk_female_tops_46,uk,female,tops,flat,209,0.15790235614184409,0.0
uk_female_accessories_15,uk,female,accessories,flat,209,0.03189791583242091,0.8276869001209133
fr_female_sportswear_55,fr,female,sportswear,flat,209,0.05414128233357787,0.9383777137669962
uk_female_bottoms_65,uk,female,bottoms,flat,209,0.0006683218273338074,0.0
cn_female_bags_66,cn,female,bags,flat,209,0.012638642060567569,0.0
uk_male_bags_70,uk,male,bags,flat,209,0.0005333042623187536,0.0
us_female_denim_28,us,female,denim,flat,209,0.10622797322547446,0.0
us_male_sportswear_54,us,male,sportswear,flat,209,0.00096722556690802,0.0
cn_male_dresses_64,cn,male,dresses,flat,209,0.022398167770024704,0.0
fr_male_dresses_51,fr,male,dresses,flat,209,0.10992501889826489,0.7303977278913638
us_female_knitwear_7,us,female,knitwear,flat,209,0.08173912991275266,0.9256378868566125
br_male_outerwear_52,br,male,outerwear,flat,209,0.16631978579317164,0.660586289773734
br_female_tops_5,br,female,tops,flat,209,0.01861092915516367,0.0
us_male_denim_29,us,male,denim,flat,209,0.08945384411152296,0.8854944602468284
fr_male_bottoms_42,fr,male,bottoms,flat,209,0.11930198843520819,0.0
uk_female_dresses_95,uk,female,dresses,flat,209,0.02770355227459368,0.0
us_male_shoes_32,us,male,shoes,flat,209,0.015504919669332111,0.8850829302397555
br_female_knitwear_98,br,female,knitwear,flat,209,0.26579506287635224,0.0
fr_male_outerwear_22,fr,male,outerwear,flat,209,0.10932518839167847,0.7762937151009994
uk_male_accessories_84,uk,male,accessories,flat,209,0.06496736489606009,0.2446527112069402
us_male_bags_45,us,male,bags,flat,209,0.14153679572530742,0.0
cn_female_bottoms_84,cn,female,bottoms,flat,209,0.08415458976006979,0.925020130522801
us_male_dresses_60,us,male,dresses,flat,209,0.17321696070919565,0.0
cn_female_tops_66,cn,female,tops,flat,209,0.11930016936379408,0.0
br_female_accessories_43,br,female,accessories,flat,209,0.3641298124141048,0.0
us_male_dresses_67,us,male,dresses,flat,209,0.0006760892753531858,0.0
br_female_shoes_93,br,female,shoes,flat,209,0.09858474067102536,0.9269176419900005
uk_male_bags_87,uk,male,bags,flat,209,0.018578257391117882,0.0
us_female_sportswear_81,us,female,sportswear,flat,209,0.0004110122300056732,0.0
fr_male_shoes_75,fr,male,shoes,flat,209,0.05712086630899507,0.8275851054839157
us_female_bottoms_72,us,female,bottoms,flat,209,0.39838266403045897,0.0
cn_female_shoes_23,cn,female,shoes,flat,209,0.045075263062532,0.9593072550236188
us_male_bags_56,us,male,bags,flat,209,0.08926446467961252,0.0
cn_female_bottoms_13,cn,female,bottoms,flat,209,0.04179730416914731,0.39891441954230966
us_male_tops_84,us,male,tops,flat,209,0.00017746335740314543,0.0
us_female_shoes_72,us,female,shoes,flat,209,0.1204152722710953,0.0
us_female_tops_62,us,female,tops,flat,209,0.0074670360484840465,0.0
fr_female_outerwear_70,fr,female,outerwear,flat,209,0.05857269186479326,0.9681569174669589
fr_female_knitwear_74,fr,female,knitwear,flat,209,0.0018844570226199452,0.0
uk_female_outerwear_95,uk,female,outerwear,flat,209,0.0038483456362149553,0.0
uk_male_shoes_6,uk,male,shoes,flat,209,0.06251262128300672,0.5844789295682196
us_female_bottoms_64,us,female,bottoms,flat,209,0.05928351684473492,0.7217857061370125
cn_male_sportswear_22,cn,male,sportswear,flat,209,0.41162482842900255,-0.3130344571577166
br_male_bags_8,br,male,bags,flat,209,0.0004914964683715343,0.0
fr_female_outerwear_11,fr,female,outerwear,flat,209,0.0020236387261684872,0.0
fr_female_shoes_28,fr,female,shoes,flat,209,0.0021734086398986618,0.0
uk_male_bottoms_12,uk,male,bottoms,flat,209,0.06769047162407307,0.9437478537974102
us_female_denim_33,us,female,denim,flat,209,0.4600250766464731,0.0
cn_female_outerwear_25,cn,female,outerwear,flat,209,0.018490270465557273,0.0
cn_female_sportswear_62,cn,female,sportswear,flat,209,0.039597632630091396,0.0
fr_male_outerwear_33,fr,male,outerwear,flat,209,0.0002256732345179113,0.0
br_female_shoes_55,br,female,shoes,flat,209,0.09316002903582395,0.8631409378896455
us_female_sportswear_68,us,female,sportswear,flat,209,0.195689131986743,0.0
fr_female_bottoms_64,fr,female,bottoms,flat,209,0.08402884988534655,0.941120704267723
uk_male_dresses_5,uk,male,dresses,flat,209,0.07171323896292918,0.9316438221830431
cn_female_dresses_38,cn,female,dresses,flat,209,0.17312814900355752,0.6385099940463766
fr_female_knitwear_81,fr,female,knitwear,flat,209,0.027865257948788805,0.9552907196383122
cn_female_shoes_83,cn,female,shoes,flat,209,0.06507385268804546,0.9181437814157004
cn_female_outerwear_3,cn,female,outerwear,flat,209,0.042113725284409834,0.0
cn_female_outerwear_26,cn,female,outerwear,flat,209,0.005981417310628858,0.0
br_female_accessories_40,br,female,accessories,flat,209,0.19716054958670234,0.0
br_male_accessories_99,br,male,accessories,flat,209,0.23160551361129392,0.0
cn_female_sportswear_64,cn,female,sportswear,flat,209,0.046279439928691116,0.9222172256094175
uk_male_dresses_6,uk,male,dresses,flat,209,0.04139938611098293,0.9826325413955098
br_female_shoes_30,br,female,shoes,flat,209,0.37458756210679334,0.0
uk_female_shoes_53,uk,female,shoes,flat,209,0.04734824436607442,0.9795138043874743
uk_male_denim_19,uk,male,denim,flat,209,0.02189915639157164,0.6754335873477677
br_male_sportswear_21,br,male,sportswear,flat,209,0.07046655403248363,0.9090352662876949
us_female_denim_75,us,female,denim,flat,209,0.3713455227938577,-0.18557296090600262
br_female_denim_97,br,female,denim,flat,209,0.06752695355278002,0.9573146737450224
fr_female_bags_32,fr,female,bags,flat,209,0.055142581046378,0.9664517191418004
br_male_denim_57,br,male,denim,flat,209,0.0046281620604465435,0.0
fr_male_tops_84,fr,male,tops,flat,209,0.35009010037644694,0.0
us_male_denim_89,us,male,denim,flat,209,0.018815481156846062,0.0
fr_female_bags_69,fr,female,bags,flat,209,0.07161280805329594,0.9511252392692845
us_male_shoes_21,us,male,shoes,flat,209,0.030549510529899793,0.8666811472584042
cn_female_sportswear_42,cn,female,sportswear,flat,209,0.11984836073711755,0.7377984602056853
uk_female_sportswear_59,uk,female,sportswear,flat,209,0.16730150308912478,0.0
cn_male_tops_37,cn,male,tops,flat,209,0.04436124704541747,0.0
fr_female_outerwear_62,fr,female,outerwear,flat,209,0.25365801995511245,0.0
uk_female_outerwear_82,uk,female,outerwear,flat,209,0.05095129637068806,0.0
br_female_bags_24,br,female,bags,flat,209,0.020488044486573927,0.0
br_male_denim_92,br,male,denim,flat,209,0.05907574621340188,0.0
fr_female_shoes_29,fr,female,shoes,flat,209,0.4417194760507583,0.0
uk_male_accessories_43,uk,male,accessories,flat,209,0.1109774492903743,0.8896240496306467
br_female_bags_97,br,female,bags,flat,209,0.06447705723110733,0.9087534936771465
br_male_bags_14,br,male,bags,flat,209,0.0026611707972852765,0.0
us_female_bottoms_70,us,female,bottoms,flat,209,0.008524589623312012,0.0
br_male_bags_77,br,male,bags,flat,209,0.014460467846739867,0.0
uk_female_outerwear_30,uk,female,outerwear,flat,209,0.004841258022662821,0.0
us_female_bags_74,us,female,bags,flat,209,0.05898266300115359,0.9704152592593257
br_female_bottoms_74,br,female,bottoms,flat,209,0.010919759779326747,0.0
cn_male_bottoms_46,cn,male,bottoms,flat,209,0.004343921081956632,0.0
br_male_bags_31,br,male,bags,flat,209,0.009293949685379667,0.0
fr_male_outerwear_40,fr,male,outerwear,flat,209,0.018409477590580082,0.0
us_female_bottoms_5,us,female,bottoms,flat,209,0.16850494104028993,0.0
us_female_shoes_4,us,female,shoes,flat,209,0.09423000874905686,0.0
fr_male_denim_87,fr,male,denim,flat,209,0.006950924870412506,0.0
uk_male_bottoms_32,uk,male,bottoms,flat,209,0.05394096381770631,0.0
cn_female_tops_62,cn,female,tops,flat,209,0.1467628579268791,0.0
br_male_outerwear_29,br,male,outerwear,flat,209,0.08050461406325289,0.0
cn_male_dresses_3,cn,male,dresses,flat,209,0.06313263137518936,0.0
fr_female_bags_7,fr,female,bags,flat,209,0.0473062102222347,0.9758816349907231
br_female_accessories_91,br,female,accessories,flat,209,0.048741836104773714,0.0
fr_male_tops_81,fr,male,tops,flat,209,0.002362087093219783,0.0
uk_female_denim_98,uk,female,denim,flat,209,0.001498506170069974,0.0
us_male_bags_8,us,male,bags,flat,209,0.2940615893765301,0.0
uk_female_denim_14,uk,female,denim,flat,209,0.0009846580824545092,0.0
uk_male_sportswear_78,uk,male,sportswear,flat,209,0.13103766227779898,0.8382759282195753
uk_female_sportswear_80,uk,female,sportswear,flat,209,0.04988635337852895,0.9660309026204471
cn_male_tops_59,cn,male,tops,flat,209,0.10957287160433361,0.8211048251188043
fr_male_accessories_38,fr,male,accessories,flat,209,0.048547881876432546,0.9826402063979434
us_male_tops_63,us,male,tops,flat,209,0.07215036354642952,0.0
cn_male_knitwear_29,cn,male,knitwear,flat,209,0.38960703635087723,0.0
us_female_tops_9,us,female,tops,flat,209,0.0195156537085063,0.0
uk_male_sportswear_16,uk,male,sportswear,flat,209,0.08666063379009478,0.7751219929071582
us_female_tops_70,us,female,tops,flat,209,0.0012297986202616893,0.0
br_male_accessories_85,br,male,accessories,flat,209,0.0337350373290397,0.0
us_female_sportswear_60,us,female,sportswear,flat,209,0.2071094882480911,0.0
us_male_bottoms_21,us,male,bottoms,flat,209,0.0037074174573441016,0.0
fr_male_knitwear_26,fr,male,knitwear,flat,209,0.06113575668962257,0.9701785735429567
br_male_knitwear_93,br,male,knitwear,flat,209,0.16293385064214055,0.0
br_male_dresses_86,br,male,dresses,flat,209,0.23443785171381415,0.0
us_male_sportswear_8,us,male,sportswear,flat,209,0.024616941810939083,0.9857010676184969
us_female_bags_86,us,female,bags,flat,209,0.04332897069731834,-0.03347498087429002
fr_female_accessories_5,fr,female,accessories,flat,209,0.12398789343025172,-0.3613053124855381
cn_female_shoes_36,cn,female,shoes,flat,209,0.14670210968997993,0.795391569639165
fr_male_sportswear_20,fr,male,sportswear,flat,209,0.07290562136012042,0.8604135391846837
cn_male_accessories_88,cn,male,accessories,flat,209,0.05213130200771624,0.0
br_female_sportswear_33,br,female,sportswear,flat,209,0.2029045696558618,0.19190777416000793
cn_male_shoes_85,cn,male,shoes,flat,209,0.04727447013864136,0.0
cn_female_shoes_79,cn,female,shoes,flat,209,0.0453708590078642,0.9738744631880042
fr_female_accessories_78,fr,female,accessories,flat,209,0.06367394495633578,0.941069804597874
uk_female_sportswear_29,uk,female,sportswear,flat,209,0.11208870789445707,0.878308314393536
us_male_sportswear_34,us,male,sportswear,flat,209,0.016853374156214296,0.0
us_female_knitwear_48,us,female,knitwear,flat,209,0.08602601601274487,0.6996109550827356
cn_female_sportswear_48,cn,female,sportswear,flat,209,0.00014396476657687677,0.0
br_female_denim_91,br,female,denim,flat,209,0.04331057565594034,0.0
us_male_bottoms_66,us,male,bottoms,increasing,209,0.25411162117154645,0.0987083540816095
us_male_shoes_71,us,male,shoes,increasing,209,0.17873893622068796,-0.7580629754690682
fr_female_dresses_24,fr,female,dresses,increasing,209,0.13107945273142055,0.38788620196307055
us_male_dresses_98,us,male,dresses,increasing,209,0.17368786748038706,0.05884847363676926
cn_male_outerwear_63,cn,male,outerwear,increasing,209,0.4005850440597455,-4.3699520365897015
uk_female_knitwear_7,uk,female,knitwear,increasing,209,0.4115731149235202,-4.860272223703629
us_female_outerwear_97,us,female,outerwear,increasing,209,0.14073936665582543,0.6073304615152763
us_male_accessories_72,us,male,accessories,increasing,209,0.18816666740750898,-0.3172492165314247
br_male_dresses_20,br,male,dresses,increasing,209,0.14049894540586705,-0.1957242130846053
uk_male_bottoms_39,uk,male,bottoms,increasing,209,0.48600860197827134,-2.7635699151922144
us_female_bottoms_84,us,female,bottoms,increasing,209,0.1048990484932809,0.5376193941426775
uk_female_sportswear_69,uk,female,sportswear,increasing,209,0.15531663096551693,0.7648124551624911
us_male_accessories_26,us,male,accessories,increasing,209,0.22259103213755257,-0.8790700226654649
us_male_bottoms_49,us,male,bottoms,increasing,209,0.13501660261977025,0.7423706917836568
uk_female_bags_38,uk,female,bags,increasing,209,0.15069846311527701,-0.014011202468101391
fr_male_bottoms_54,fr,male,bottoms,increasing,209,0.20753099830081187,-16.50086552896215
us_male_outerwear_86,us,male,outerwear,increasing,209,0.39522314615176884,-6.385017340768844
us_female_sportswear_35,us,female,sportswear,increasing,209,0.10545586061047657,0.8526595399939452
fr_female_sportswear_66,fr,female,sportswear,increasing,209,0.2243704068288804,-2.4149160232795195
uk_male_shoes_95,uk,male,shoes,increasing,209,0.1728534399028878,0.5271937681661731
us_female_outerwear_51,us,female,outerwear,increasing,209,0.2204516724850905,-5.5543310827325385
br_female_tops_57,br,female,tops,increasing,209,0.2820353774829419,-0.3380262018992186
cn_male_sportswear_55,cn,male,sportswear,increasing,209,0.09373053997519618,0.6305280245764842
br_male_denim_32,br,male,denim,increasing,209,0.15293935467506345,0.4363679711825371
br_male_bottoms_38,br,male,bottoms,increasing,209,0.20766654260356202,0.3348616452105351
fr_male_bags_8,fr,male,bags,increasing,209,0.1640457679352806,0.524144190431104
br_female_sportswear_79,br,female,sportswear,increasing,209,0.34746649670257185,-0.255180758902366
fr_male_outerwear_17,fr,male,outerwear,increasing,209,0.09583163484694371,0.4866454620154981
us_male_accessories_31,us,male,accessories,increasing,209,0.5527359083448916,-3.1520588298079764
us_male_tops_46,us,male,tops,increasing,209,0.1514529982606604,-0.10224623652844711
uk_male_bags_30,uk,male,bags,increasing,209,0.1457615085618323,0.6339717200217376
br_female_accessories_67,br,female,accessories,increasing,209,0.19769823398337522,-0.06949454823996981
uk_female_denim_35,uk,female,denim,increasing,209,0.13566366956488982,-0.24526721370021143
br_male_knitwear_15,br,male,knitwear,increasing,209,0.26491537384723074,-0.7642109223477014
br_male_bottoms_83,br,male,bottoms,increasing,209,0.2830836392836474,-0.23242111621278227
uk_male_accessories_9,uk,male,accessories,increasing,209,0.18160780000458046,0.6367466045098538
br_female_bags_37,br,female,bags,increasing,209,0.12303736286405471,0.8762187056543377
uk_female_bags_78,uk,female,bags,increasing,209,0.19435006412883538,0.36427823486222155
us_male_tops_38,us,male,tops,increasing,209,0.24184222679829634,-4.483123443536608
cn_male_denim_29,cn,male,denim,increasing,209,0.07204157839169226,0.8678736417565293
uk_male_bottoms_16,uk,male,bottoms,increasing,209,0.24616864056219986,-0.015460309866914157
us_male_bags_7,us,male,bags,increasing,209,0.06016657412668506,0.9671828440351127
br_male_dresses_17,br,male,dresses,increasing,209,0.18290394314348538,-1.546121700486903
uk_female_shoes_27,uk,female,shoes,increasing,209,0.27339083473688935,-1.3525050426209604
uk_male_shoes_7,uk,male,shoes,increasing,209,0.10213549447795536,0.504688391002567
fr_male_denim_52,fr,male,denim,increasing,209,0.10294060585266782,0.8954654957635955
fr_female_outerwear_2,fr,female,outerwear,increasing,209,0.28007600155844947,-0.4858717040812417
us_male_denim_96,us,male,denim,increasing,209,0.2186199660030607,-2.77765284260325
us_male_accessories_90,us,male,accessories,increasing,209,0.3253897801995548,-1.2093504775859718
uk_male_dresses_91,uk,male,dresses,increasing,209,0.23766695279470484,-0.019889431843524097
uk_female_denim_94,uk,female,denim,increasing,209,0.17428258939824323,-1.3109961053318164
uk_male_sportswear_30,uk,male,sportswear,increasing,209,0.23375155270298204,0.27764781622638746
uk_female_accessories_18,uk,female,accessories,increasing,209,0.15000878041053053,0.8172007045583871
uk_female_bottoms_61,uk,female,bottoms,increasing,209,0.3624432791984792,-2.9720028050606975
us_male_accessories_77,us,male,accessories,increasing,209,0.11724863286623805,0.8765314913252622
fr_female_sportswear_6,fr,female,sportswear,increasing,209,0.1710108946476294,0.46561112858769516
br_male_bags_28,br,male,bags,increasing,209,0.5160430629776815,-6.555871397448095
br_female_accessories_89,br,female,accessories,increasing,209,0.2522056626714496,-0.7020601756137177
uk_male_denim_15,uk,male,denim,increasing,209,0.10214931241826326,-0.001895847027134856
us_male_bottoms_23,us,male,bottoms,increasing,209,0.4299821123700811,-3.307834269773111
cn_male_outerwear_45,cn,male,outerwear,increasing,209,0.215142664137033,-0.5756816135977625
uk_male_accessories_92,uk,male,accessories,increasing,209,0.4598334683161004,-2.677636313238512
br_male_bottoms_14,br,male,bottoms,increasing,209,0.12574536429669375,-2.3728752490514577
br_female_tops_34,br,female,tops,increasing,209,0.4121772101490401,-2.7802982334795003
fr_female_shoes_43,fr,female,shoes,increasing,209,0.15730378686351815,-0.2950775884633483
cn_male_accessories_43,cn,male,accessories,increasing,209,0.15517944426930513,0.6519276152503046
uk_male_bags_59,uk,male,bags,increasing,209,0.04660512632701088,0.6433209904292887
br_male_outerwear_8,br,male,outerwear,increasing,209,0.12952287366357443,0.5026281034651183
fr_male_outerwear_42,fr,male,outerwear,increasing,209,0.24403581467259175,-1.1745254630414217
fr_female_outerwear_66,fr,female,outerwear,increasing,209,0.13654251972026946,-0.2073219671970854
fr_male_knitwear_91,fr,male,knitwear,increasing,209,0.13543734805892793,-7.626144643006919
cn_male_bags_26,cn,male,bags,increasing,209,0.08071769952596984,0.8750281497570169
uk_female_outerwear_42,uk,female,outerwear,increasing,209,0.1972101149925076,-2.215024147478778
br_male_outerwear_89,br,male,outerwear,increasing,209,0.05440040253570788,0.9744728905333402
uk_male_bags_60,uk,male,bags,increasing,209,0.17322044614098867,0.7009723829724723
fr_female_dresses_18,fr,female,dresses,increasing,209,0.3433101754151607,-1.4162844273272714
cn_male_bags_41,cn,male,bags,increasing,209,0.09156691484593882,0.8063077501985604
cn_female_accessories_99,cn,female,accessories,increasing,209,0.17638537415171654,-0.1835172299889507
fr_male_bags_74,fr,male,bags,increasing,209,0.16017082392563056,-1.7146567108571698
fr_female_accessories_24,fr,female,accessories,increasing,209,0.1052432059275878,0.19313997575061004
uk_female_knitwear_10,uk,female,knitwear,increasing,209,0.22287406590155143,-0.49757040107454387
uk_female_outerwear_93,uk,female,outerwear,increasing,209,0.29243518829078713,-5.746366284569869
br_male_denim_21,br,male,denim,increasing,209,0.15889494602502205,-0.2291024503270993
uk_male_sportswear_17,uk,male,sportswear,increasing,209,0.418367121806916,-1.9311085840805977
br_male_shoes_93,br,male,shoes,increasing,209,0.06764135374162665,0.9590887078818843
br_female_knitwear_42,br,female,knitwear,increasing,209,0.292962658365822,-1.4646366855239612
br_female_denim_51,br,female,denim,increasing,209,0.16920532076575248,0.31935658151147184
uk_male_outerwear_17,uk,male,outerwear,increasing,209,0.19950245290910273,-2.722106969236215
cn_female_sportswear_76,cn,female,sportswear,increasing,209,0.3782591566029022,-3.0289519068979205
br_female_tops_78,br,female,tops,increasing,209,0.20767159681604977,-0.7429320012795033
br_male_accessories_10,br,male,accessories,increasing,209,0.22155759047624474,-1.6934989828243188
br_male_shoes_30,br,male,shoes,increasing,209,0.28431661010000875,-2.0467630815984292
fr_male_tops_74,fr,male,tops,increasing,209,0.12347474689932662,-0.06581607726331318
fr_female_outerwear_47,fr,female,outerwear,increasing,209,0.11934894526700839,0.2672889854177296
cn_female_shoes_15,cn,female,shoes,increasing,209,0.24025621424463015,-4.877766349311802
fr_female_bottoms_87,fr,female,bottoms,increasing,209,0.16956008256752186,0.742682941158344
us_male_bottoms_33,us,male,bottoms,increasing,209,0.11593611741609051,0.8465348610742344
uk_female_shoes_25,uk,female,shoes,increasing,209,0.0837652354158487,0.9226142686167684
br_female_tops_21,br,female,tops,increasing,209,0.24739359565480662,-0.3555708265906874
br_female_dresses_93,br,female,dresses,increasing,209,0.03828300179683829,0.9912896457379965
uk_male_dresses_12,uk,male,dresses,increasing,209,0.16752335151089803,-0.331425236395382
fr_female_tops_38,fr,female,tops,increasing,209,0.10423140252393921,0.897217004489547
us_female_denim_80,us,female,denim,increasing,209,0.2474758274313607,0.26320716247193343
cn_female_outerwear_83,cn,female,outerwear,increasing,209,0.1297157598128113,0.585055001886033
br_male_dresses_34,br,male,dresses,increasing,209,0.09435553826457224,0.9286352147974698
us_male_bags_38,us,male,bags,increasing,209,0.17731104884725316,0.681284330843091
cn_female_dresses_47,cn,female,dresses,increasing,209,0.2293288702592746,-1.4790366541851028
uk_female_sportswear_9,uk,female,sportswear,increasing,209,0.07611709452656908,0.5951730596708442
cn_female_dresses_90,cn,female,dresses,increasing,209,0.17274960987219495,-0.012464820713778302
us_female_denim_31,us,female,denim,increasing,209,0.20930726637686936,-12.001903802540726
fr_male_tops_0,fr,male,tops,increasing,209,0.33425035190068514,-1.9927639361359044
fr_female_denim_8,fr,female,denim,increasing,209,0.20527640739119493,0.14697654045234343
br_male_knitwear_92,br,male,knitwear,increasing,209,0.42260302328781896,-4.086146915442893
cn_male_bags_91,cn,male,bags,increasing,209,0.36358525354825844,-0.9001888923305983
us_male_denim_30,us,male,denim,increasing,209,0.06646412414118068,0.7739339708035243
cn_female_denim_44,cn,female,denim,increasing,209,0.18305945009704364,0.6279144378896462
uk_male_shoes_26,uk,male,shoes,increasing,209,0.11186081582454448,0.8785586195448319
fr_male_shoes_72,fr,male,shoes,increasing,209,0.27487936859565115,-0.06439681224588689
us_female_accessories_27,us,female,accessories,increasing,209,0.30588739867128717,-4.446044361071656
cn_male_tops_74,cn,male,tops,increasing,209,0.28849231172644607,-0.32790592296508936
uk_male_shoes_8,uk,male,shoes,increasing,209,0.32906410798373753,-1.5926463938651172
fr_female_bags_9,fr,female,bags,increasing,209,0.3136688663334932,-8.814387066944045
fr_female_tops_10,fr,female,tops,increasing,209,0.17338009897011256,0.7988990927160626
br_female_tops_18,br,female,tops,increasing,209,0.24215109967458867,-1.4025112202942709
br_male_denim_84,br,male,denim,increasing,209,0.09573221106930614,0.8127573763598195
uk_male_accessories_7,uk,male,accessories,increasing,209,0.37248680423958047,-1.381265668044081
uk_male_shoes_45,uk,male,shoes,increasing,209,0.2820498897715237,0.2496648646904912
cn_female_tops_81,cn,female,tops,increasing,209,0.0892098402133182,0.8500143638203385
br_female_bottoms_65,br,female,bottoms,increasing,209,0.10206432792567373,0.6940575273828422
uk_male_shoes_11,uk,male,shoes,increasing,209,0.07984326915702775,0.9492040680349761
us_male_dresses_57,us,male,dresses,increasing,209,0.16131349978491974,0.4634855902055066
us_female_denim_93,us,female,denim,increasing,209,0.22444511777300763,-1.0681922467090441
br_male_denim_22,br,male,denim,increasing,209,0.12649136409738218,0.862047044696144
us_female_dresses_49,us,female,dresses,increasing,209,0.1739076174744043,0.2633995242233427
uk_female_knitwear_15,uk,female,knitwear,increasing,209,0.1601437327442051,0.002801526128531129
us_male_denim_38,us,male,denim,increasing,209,0.10815142534564227,0.23878235921307667
us_female_bottoms_24,us,female,bottoms,increasing,209,0.3210039643138978,-13.825326807158655
fr_female_knitwear_18,fr,female,knitwear,increasing,209,0.13635048089781435,-1.5467965221369626
br_male_bottoms_42,br,male,bottoms,increasing,209,0.09392887895440226,0.1896815044053487
uk_male_bottoms_60,uk,male,bottoms,increasing,209,0.0801802202409224,0.6505512926138154
uk_female_bags_52,uk,female,bags,increasing,209,0.23399337267407383,-0.419479414628132
uk_female_denim_40,uk,female,denim,increasing,209,0.17206132291802229,0.05938049656778166
uk_female_sportswear_61,uk,female,sportswear,increasing,209,0.11672620207765906,0.2589472119089512
fr_male_shoes_35,fr,male,shoes,increasing,209,0.10448097750202233,0.643280001951629
us_male_shoes_40,us,male,shoes,increasing,209,0.1219105809280503,-0.12312962890038026
br_female_denim_28,br,female,denim,increasing,209,0.09738331370992688,0.9202308697587344
br_male_bottoms_71,br,male,bottoms,increasing,209,0.1125947242242675,0.06828827346685695
us_female_shoes_83,us,female,shoes,increasing,209,0.09831584485769228,0.45540687614419106
uk_male_denim_30,uk,male,denim,increasing,209,0.11603018195194585,0.5172537863108375
fr_male_knitwear_4,fr,male,knitwear,increasing,209,0.15080888681744245,0.6308487339529186
br_female_tops_69,br,female,tops,increasing,209,0.1511195301386853,-0.5023321760062174
cn_female_dresses_92,cn,female,dresses,increasing,209,0.4312260273468845,-1.316387584028344
us_male_tops_73,us,male,tops,increasing,209,0.2821818775851997,-0.08618148285420335
fr_female_tops_78,fr,female,tops,increasing,209,0.07769888079450599,0.18270444184578638
uk_female_accessories_80,uk,female,accessories,increasing,209,0.09505372414867344,0.9341612184470398
br_male_bags_60,br,male,bags,increasing,209,0.1333222994700837,-0.2622865670047385
cn_male_shoes_97,cn,male,shoes,increasing,209,0.14670369322762913,0.6862501776605248
fr_male_bottoms_15,fr,male,bottoms,increasing,209,0.19470446817442086,0.6198215507961855
br_female_dresses_98,br,female,dresses,increasing,209,0.07574896659687855,0.9504353894848019
us_female_sportswear_94,us,female,sportswear,increasing,209,0.10066664341610493,0.8955944956677385
fr_male_sportswear_87,fr,male,sportswear,increasing,209,0.1612149651614228,0.0770109341108508
us_male_outerwear_55,us,male,outerwear,increasing,209,0.1577301233603181,0.4887022312658147
uk_male_bottoms_48,uk,male,bottoms,increasing,209,0.06735370995893349,-1.5731404103547386
fr_male_knitwear_67,fr,male,knitwear,increasing,209,0.14858174976938301,-0.4060686528204718
uk_male_outerwear_21,uk,male,outerwear,increasing,209,0.17681041504235645,0.24680819544798238
uk_male_knitwear_31,uk,male,knitwear,increasing,209,0.06117679430854759,0.9733928339688928
